Class Name;Number of Bugs;Number of Revisions;Number of Commiters;Commiters weighted with experience;Commiters weighted with involvement;Number of Modified Lines;Number of Modified Lines weighted with experience;Number of Modified Lines weighted with involvement
org/apache/poi/util/SystemOutLogger;1;2;1;0.02515723270440251;0.9766397124887691;90;2.264150943396226;87.89757412398923
org/apache/poi/hssf/record/PaletteRecord;0;1;1;0.02515723270440251;0.9766397124887691;67;1.6855345911949682;65.43486073674754
org/apache/poi/util/IOUtils;1;3;2;0.02605570530098833;1.9559748427672956;67;1.6855345911949682;65.43486073674754
org/apache/poi/hssf/eventmodel/EventRecordFactory;0;1;1;0.02515723270440251;0.9766397124887691;68;1.7106918238993707;66.4115004492363
org/apache/poi/hssf/eventusermodel/HSSFUserException;0;1;1;0.02515723270440251;0.9766397124887691;71;1.7861635220125782;69.34141958670261
org/apache/poi/poifs/filesystem/POIFSFileSystem;1;2;2;0.02605570530098833;1.9559748427672956;69;1.6873315363881398;67.3935309973046
org/apache/poi/hssf/usermodel/HSSFPicture;0;1;1;0.02515723270440251;0.9766397124887691;0;0.0;0.0
org/apache/poi/poifs/storage/PropertyBlock;0;1;1;0.02515723270440251;0.9766397124887691;67;1.6855345911949682;65.43486073674754
org/apache/poi/hssf/model/DrawingManager2;0;1;1;0.02515723270440251;0.9766397124887691;0;0.0;0.0
org/apache/poi/poifs/storage/BlockList;0;1;1;0.02515723270440251;0.9766397124887691;67;1.6855345911949682;65.43486073674754
org/apache/poi/hssf/record/InterfaceEndRecord;0;1;1;0.02515723270440251;0.9766397124887691;67;1.6855345911949682;65.43486073674754
org/apache/poi/hssf/record/UnknownRecord;1;3;1;0.02515723270440251;0.9766397124887691;92;2.314465408805031;89.85085354896677
org/apache/poi/hpsf/Util;0;1;1;0.02515723270440251;0.9766397124887691;70;1.7610062893081757;68.36477987421384
org/apache/poi/hssf/record/AxisUsedRecord;0;1;1;0.02515723270440251;0.9766397124887691;67;1.6855345911949682;65.43486073674754
org/apache/poi/hssf/record/NumberRecord;0;1;1;0.02515723270440251;0.9766397124887691;67;1.6855345911949682;65.43486073674754
org/apache/poi/hssf/eventusermodel/HSSFEventFactory;0;1;1;0.02515723270440251;0.9766397124887691;66;1.6603773584905657;64.45822102425876
org/apache/poi/hssf/record/RKRecord;0;1;1;0.02515723270440251;0.9766397124887691;67;1.6855345911949682;65.43486073674754
org/apache/poi/hssf/record/PlotGrowthRecord;0;1;1;0.02515723270440251;0.9766397124887691;67;1.6855345911949682;65.43486073674754
org/apache/poi/hssf/record/SeriesLabelsRecord;0;1;1;0.02515723270440251;0.9766397124887691;67;1.6855345911949682;65.43486073674754
org/apache/poi/hssf/record/LabelSSTRecord;0;1;1;0.02515723270440251;0.9766397124887691;67;1.6855345911949682;65.43486073674754
org/apache/poi/hssf/eventmodel/ERFListener;0;1;1;0.02515723270440251;0.9766397124887691;67;1.6855345911949682;65.43486073674754
org/apache/poi/poifs/filesystem/POIFSWriterEvent;0;1;1;0.02515723270440251;0.9766397124887691;67;1.6855345911949682;65.43486073674754
org/apache/poi/hssf/record/PrintHeadersRecord;0;1;1;0.02515723270440251;0.9766397124887691;67;1.6855345911949682;65.43486073674754
org/apache/poi/hssf/record/DimensionsRecord;0;1;1;0.02515723270440251;0.9766397124887691;67;1.6855345911949682;65.43486073674754
org/apache/poi/hssf/util/RangeAddress;0;1;1;0.02515723270440251;0.9766397124887691;69;1.7358490566037732;67.38814016172508
org/apache/poi/hssf/record/SeriesListRecord;0;1;1;0.02515723270440251;0.9766397124887691;67;1.6855345911949682;65.43486073674754
org/apache/poi/poifs/filesystem/DocumentEntry;0;1;1;0.02515723270440251;0.9766397124887691;67;1.6855345911949682;65.43486073674754
org/apache/poi/hssf/eventusermodel/AbortableHSSFListener;0;1;1;0.02515723270440251;0.9766397124887691;68;1.7106918238993707;66.4115004492363
org/apache/poi/hssf/record/RecordFormatException;0;1;1;0.02515723270440251;0.9766397124887691;67;1.6855345911949682;65.43486073674754
org/apache/poi/hssf/record/formula/MemErrPtg;0;2;2;0.02605570530098833;1.9559748427672956;71;1.6891284815813115;69.35220125786165
org/apache/poi/hssf/usermodel/HSSFCellStyle;0;1;1;0.02515723270440251;0.9766397124887691;73;1.8364779874213832;71.29469901168015
org/apache/poi/hssf/record/formula/OperationPtg;0;1;1;0.02515723270440251;0.9766397124887691;74;1.8616352201257858;72.27133872416891
org/apache/poi/hpsf/Property;0;1;1;0.02515723270440251;0.9766397124887691;78;1.9622641509433958;76.17789757412399
org/apache/poi/hssf/model/WorkbookRecordList;1;3;2;0.13027852650494154;1.9721473495058401;74;2.341419586702605;72.38454627133872
org/apache/poi/hssf/record/aggregates/FormulaRecordAggregate;1;4;3;0.02605570530098833;2.9514824797843664;108;1.6972147349505837;106.04043126684638
org/apache/poi/hssf/record/BeginRecord;0;1;1;0.02515723270440251;0.9766397124887691;67;1.6855345911949682;65.43486073674754
org/apache/poi/hssf/record/PasswordRecord;1;2;2;0.02605570530098833;1.9559748427672956;77;1.6945193171608264;75.2282120395328
org/apache/poi/hssf/record/RefModeRecord;0;1;1;0.02515723270440251;0.9766397124887691;67;1.6855345911949682;65.43486073674754
org/apache/poi/hssf/record/FontRecord;0;1;1;0.02515723270440251;0.9766397124887691;67;1.6855345911949682;65.43486073674754
org/apache/poi/hssf/record/CalcModeRecord;0;1;1;0.02515723270440251;0.9766397124887691;67;1.6855345911949682;65.43486073674754
org/apache/poi/poifs/eventfilesystem/POIFSReaderRegistry;0;1;1;0.02515723270440251;0.9766397124887691;68;1.7106918238993707;66.4115004492363
org/apache/poi/util/DrawingDump;0;3;1;0.02515723270440251;0.9766397124887691;31;0.7798742138364778;30.275831087151843
org/apache/poi/poifs/storage/RawDataBlockList;0;1;1;0.02515723270440251;0.9766397124887691;67;1.6855345911949682;65.43486073674754
org/apache/poi/hssf/eventmodel/ModelFactoryListener;0;1;1;0.02515723270440251;0.9766397124887691;67;1.6855345911949682;65.43486073674754
org/apache/poi/hssf/record/NumberFormatIndexRecord;0;1;1;0.02515723270440251;0.9766397124887691;67;1.6855345911949682;65.43486073674754
org/apache/poi/poifs/storage/DocumentBlock;1;2;2;0.02605570530098833;1.9559748427672956;70;1.6882300089847257;68.37286612758312
org/apache/poi/hssf/record/ExtSSTRecord;1;4;2;0.13027852650494154;1.9721473495058401;138;7.07008086253369;135.6253369272237
org/apache/poi/poifs/filesystem/DirectoryEntry;1;2;2;0.02605570530098833;1.9559748427672956;85;1.7259658580413295;83.06019766397125
org/apache/poi/poifs/property/PropertyConstants;0;1;1;0.02515723270440251;0.9766397124887691;67;1.6855345911949682;65.43486073674754
org/apache/poi/ddf/EscherProperty;0;3;1;0.02515723270440251;0.9766397124887691;17;0.4276729559748427;16.602875112309075
org/apache/poi/hssf/record/formula/UnaryPlusPtg;0;3;2;0.02605570530098833;1.9559748427672956;72;1.714285714285714;70.3288409703504
org/apache/poi/hssf/record/DrawingRecord;0;3;1;0.02515723270440251;0.9766397124887691;27;0.6792452830188678;26.369272237196768
org/apache/poi/hssf/record/formula/NotEqualPtg;1;4;2;0.02605570530098833;1.9559748427672956;171;4.107816711590296;167.02695417789755
org/apache/poi/hssf/usermodel/HSSFName;0;2;2;0.02605570530098833;1.9559748427672956;71;1.6891284815813115;69.35220125786165
org/apache/poi/hssf/record/ObjRecord;0;3;1;0.02515723270440251;0.9766397124887691;81;2.0377358490566033;79.1078167115903
org/apache/poi/hssf/util/AreaReference;0;1;1;0.02515723270440251;0.9766397124887691;67;1.6855345911949682;65.43486073674754
org/apache/poi/poifs/property/PropertyFactory;0;1;1;0.02515723270440251;0.9766397124887691;67;1.6855345911949682;65.43486073674754
org/apache/poi/hpsf/wellknown/SectionIDMap;0;1;1;0.02515723270440251;0.9766397124887691;70;1.7610062893081757;68.36477987421384
org/apache/poi/hssf/record/TextObjectBaseRecord;0;2;1;0.02515723270440251;0.9766397124887691;67;1.6855345911949682;65.43486073674754
org/apache/poi/hssf/model/AbstractShape;0;3;1;0.02515723270440251;0.9766397124887691;26;0.6540880503144653;25.392632524708
org/apache/poi/poifs/filesystem/POIFSDocumentPath;0;1;1;0.02515723270440251;0.9766397124887691;67;1.6855345911949682;65.43486073674754
org/apache/poi/poifs/dev/POIFSViewEngine;0;1;1;0.02515723270440251;0.9766397124887691;68;1.7106918238993707;66.4115004492363
org/apache/poi/ddf/EscherRecordFactory;0;2;1;0.02515723270440251;0.9766397124887691;15;0.37735849056603765;14.649595687331537
org/apache/poi/hssf/record/FnGroupCountRecord;0;1;1;0.02515723270440251;0.9766397124887691;67;1.6855345911949682;65.43486073674754
org/apache/poi/hpsf/Thumbnail;0;1;1;0.02515723270440251;0.9766397124887691;70;1.7610062893081757;68.36477987421384
org/apache/poi/hssf/record/ValueRangeRecord;0;1;1;0.02515723270440251;0.9766397124887691;67;1.6855345911949682;65.43486073674754
org/apache/poi/hssf/record/formula/IntPtg;0;2;2;0.02605570530098833;1.9559748427672956;71;1.6891284815813115;69.35220125786165
org/apache/poi/hssf/model/Workbook;4;10;3;0.13117699910152736;2.9514824797843664;575;16.105121293800536;562.1904761904761
org/apache/poi/hssf/record/LinkedDataFormulaField;0;1;1;0.02515723270440251;0.9766397124887691;68;1.7106918238993707;66.4115004492363
org/apache/poi/hssf/record/formula/Area3DPtg;1;3;2;0.02605570530098833;1.9559748427672956;71;1.6648697214734947;69.35489667565139
org/apache/poi/util/ShortField;0;1;1;0.02515723270440251;0.9766397124887691;67;1.6855345911949682;65.43486073674754
org/apache/poi/hssf/record/UnicodeString;0;1;1;0.02515723270440251;0.9766397124887691;68;1.7106918238993707;66.4115004492363
org/apache/poi/util/LittleEndian;1;2;2;0.05121293800539084;1.973045822102426;100;2.542677448337826;98.25696316262355
org/apache/poi/hssf/usermodel/HSSFHeader;0;1;1;0.02515723270440251;0.9766397124887691;66;1.6603773584905657;64.45822102425876
org/apache/poi/hssf/record/formula/ExpPtg;0;3;3;0.02605570530098833;2.9514824797843664;80;1.7897574123989215;78.23629829290208
org/apache/poi/ddf/EscherBoolProperty;0;3;1;0.02515723270440251;0.9766397124887691;19;0.4779874213836477;18.556154537286613
org/apache/poi/hssf/record/formula/StringPtg;1;3;2;0.02605570530098833;1.9559748427672956;126;1.7142857142857149;123.21832884097034
org/apache/poi/hssf/record/ExternSheetRecord;0;2;2;0.02605570530098833;1.9559748427672956;299;1.9182389937106952;292.6379155435759
org/apache/poi/hssf/record/formula/LessThanPtg;0;2;2;0.02605570530098833;1.9559748427672956;74;1.691823899371069;72.29020664869722
org/apache/poi/poifs/common/POIFSConstants;0;1;1;0.02515723270440251;0.9766397124887691;66;1.6603773584905657;64.45822102425876
org/apache/poi/hssf/record/UseSelFSRecord;0;1;1;0.02515723270440251;0.9766397124887691;67;1.6855345911949682;65.43486073674754
org/apache/poi/hssf/usermodel/HSSFShapeContainer;0;2;1;0.02515723270440251;0.9766397124887691;16;0.40251572327044016;15.626235399820306
org/apache/poi/poifs/filesystem/POIFSDocument;0;1;1;0.02515723270440251;0.9766397124887691;67;1.6855345911949682;65.43486073674754
org/apache/poi/hssf/record/TabIdRecord;0;1;1;0.02515723270440251;0.9766397124887691;67;1.6855345911949682;65.43486073674754
org/apache/poi/hssf/record/HCenterRecord;0;1;1;0.02515723270440251;0.9766397124887691;67;1.6855345911949682;65.43486073674754
org/apache/poi/hssf/usermodel/HSSFPrintSetup;1;2;2;0.07547169811320753;1.9721473495058401;468;21.83647798742138;464.6145552560647
org/apache/poi/poifs/property/RootProperty;0;1;1;0.02515723270440251;0.9766397124887691;67;1.6855345911949682;65.43486073674754
org/apache/poi/hssf/record/DefaultRowHeightRecord;0;1;1;0.02515723270440251;0.9766397124887691;67;1.6855345911949682;65.43486073674754
org/apache/poi/hssf/record/formula/AddPtg;0;2;2;0.02605570530098833;1.9559748427672956;70;1.663971248876909;68.37556154537288
org/apache/poi/hssf/record/formula/EqualPtg;0;2;2;0.02605570530098833;1.9559748427672956;79;1.8418688230008982;77.1707097933513
org/apache/poi/util/FixedField;0;1;1;0.02515723270440251;0.9766397124887691;67;1.6855345911949682;65.43486073674754
org/apache/poi/dev/RecordGenerator;0;2;1;0.02515723270440251;0.9766397124887691;79;1.9874213836477983;77.15453728661277
org/apache/poi/hpsf/NoSingleSectionException;0;1;1;0.02515723270440251;0.9766397124887691;70;1.7610062893081757;68.36477987421384
org/apache/poi/hssf/record/HideObjRecord;0;1;1;0.02515723270440251;0.9766397124887691;67;1.6855345911949682;65.43486073674754
org/apache/poi/hssf/usermodel/HSSFSheet;3;8;4;0.07637017070979335;3.9469901168014374;852;17.299191374663067;836.654986522911
org/apache/poi/ddf/EscherDgRecord;0;2;1;0.02515723270440251;0.9766397124887691;15;0.37735849056603765;14.649595687331537
org/apache/poi/hssf/record/AxisOptionsRecord;0;1;1;0.02515723270440251;0.9766397124887691;67;1.6855345911949682;65.43486073674754
org/apache/poi/hssf/record/HeaderRecord;0;1;1;0.02515723270440251;0.9766397124887691;67;1.6855345911949682;65.43486073674754
org/apache/poi/hssf/record/StyleRecord;1;2;2;0.02605570530098833;1.9559748427672956;112;1.72596585804133;109.50494159928124
org/apache/poi/poifs/filesystem/DocumentNode;0;1;1;0.02515723270440251;0.9766397124887691;68;1.7106918238993707;66.4115004492363
org/apache/poi/hssf/record/FontBasisRecord;0;1;1;0.02515723270440251;0.9766397124887691;67;1.6855345911949682;65.43486073674754
org/apache/poi/hssf/usermodel/StaticFontMetrics;0;2;1;0.02515723270440251;0.9766397124887691;16;0.40251572327044016;15.626235399820306
org/apache/poi/hssf/record/AxisParentRecord;0;1;1;0.02515723270440251;0.9766397124887691;67;1.6855345911949682;65.43486073674754
org/apache/poi/hssf/record/AreaRecord;0;1;1;0.02515723270440251;0.9766397124887691;67;1.6855345911949682;65.43486073674754
org/apache/poi/poifs/storage/SmallBlockTableReader;0;1;1;0.02515723270440251;0.9766397124887691;67;1.6855345911949682;65.43486073674754
org/apache/poi/poifs/storage/SmallDocumentBlock;0;1;1;0.02515723270440251;0.9766397124887691;67;1.6855345911949682;65.43486073674754
org/apache/poi/hssf/record/ChartFormatRecord;0;1;1;0.02515723270440251;0.9766397124887691;67;1.6855345911949682;65.43486073674754
org/apache/poi/poifs/eventfilesystem/POIFSReader;0;1;1;0.02515723270440251;0.9766397124887691;68;1.7106918238993707;66.4115004492363
org/apache/poi/hssf/record/UnitsRecord;0;1;1;0.02515723270440251;0.9766397124887691;67;1.6855345911949682;65.43486073674754
org/apache/poi/hssf/record/formula/UnionPtg;0;2;2;0.02605570530098833;1.9559748427672956;70;1.663971248876909;68.37556154537288
org/apache/poi/poifs/filesystem/DocumentInputStream;0;1;1;0.02515723270440251;0.9766397124887691;66;1.6603773584905657;64.45822102425876
org/apache/poi/hssf/record/CalcCountRecord;0;1;1;0.02515723270440251;0.9766397124887691;67;1.6855345911949682;65.43486073674754
org/apache/poi/hssf/usermodel/HSSFShapeGroup;0;2;1;0.02515723270440251;0.9766397124887691;16;0.40251572327044016;15.626235399820306
org/apache/poi/hssf/usermodel/EscherGraphics;1;4;1;0.02515723270440251;0.9766397124887691;64;1.6100628930817606;62.504941599281224
org/apache/poi/util/ByteField;0;1;1;0.02515723270440251;0.9766397124887691;67;1.6855345911949682;65.43486073674754
org/apache/poi/hssf/record/formula/FuncPtg;1;2;2;0.02605570530098833;1.9559748427672956;20;0.43036837376460013;19.540880503144656
org/apache/poi/ddf/EscherOptRecord;0;2;1;0.02515723270440251;0.9766397124887691;17;0.4276729559748427;16.602875112309075
org/apache/poi/hssf/record/SeriesRecord;0;1;1;0.02515723270440251;0.9766397124887691;67;1.6855345911949682;65.43486073674754
org/apache/poi/hssf/record/RightMarginRecord;0;1;1;0.02515723270440251;0.9766397124887691;102;2.566037735849056;99.61725067385446
org/apache/poi/util/POILogger;0;2;1;0.02515723270440251;0.9766397124887691;71;1.7861635220125782;69.34141958670261
org/apache/poi/hssf/model/PolygonShape;0;2;1;0.02515723270440251;0.9766397124887691;17;0.4276729559748427;16.602875112309075
org/apache/poi/poifs/storage/HeaderBlockConstants;0;1;1;0.02515723270440251;0.9766397124887691;67;1.6855345911949682;65.43486073674754
org/apache/poi/poifs/storage/HeaderBlockWriter;0;1;1;0.02515723270440251;0.9766397124887691;67;1.6855345911949682;65.43486073674754
org/apache/poi/hssf/usermodel/DummyGraphics2d;0;2;1;0.02515723270440251;0.9766397124887691;17;0.4276729559748427;16.602875112309075
org/apache/poi/hssf/record/FormulaRecord;1;3;3;0.02605570530098833;2.9514824797843664;81;1.6945193171608264;79.21024258760109
org/apache/poi/poifs/filesystem/Entry;0;1;1;0.02515723270440251;0.9766397124887691;67;1.6855345911949682;65.43486073674754
org/apache/poi/hssf/usermodel/HSSFErrorConstants;0;1;1;0.02515723270440251;0.9766397124887691;68;1.7106918238993707;66.4115004492363
org/apache/poi/hssf/record/HorizontalPageBreakRecord;1;2;2;0.02515723270440251;1.9721473495058401;68;1.7106918238993707;66.4115004492363
org/apache/poi/hssf/record/DeltaRecord;0;1;1;0.02515723270440251;0.9766397124887691;67;1.6855345911949682;65.43486073674754
org/apache/poi/hssf/record/PrintSetupRecord;0;1;1;0.02515723270440251;0.9766397124887691;67;1.6855345911949682;65.43486073674754
org/apache/poi/hssf/record/AreaFormatRecord;0;1;1;0.02515723270440251;0.9766397124887691;67;1.6855345911949682;65.43486073674754
org/apache/poi/hssf/record/formula/ControlPtg;0;1;1;0.02515723270440251;0.9766397124887691;17;0.4276729559748427;16.602875112309075
org/apache/poi/hssf/record/FrameRecord;0;1;1;0.02515723270440251;0.9766397124887691;67;1.6855345911949682;65.43486073674754
org/apache/poi/hssf/record/SSTDeserializer;2;3;2;0.13027852650494154;1.9721473495058401;159;11.276729559748423;157.00269541778977
org/apache/poi/ddf/EscherChildAnchorRecord;0;2;1;0.02515723270440251;0.9766397124887691;15;0.37735849056603765;14.649595687331537
org/apache/poi/hssf/record/MulRKRecord;0;1;1;0.02515723270440251;0.9766397124887691;67;1.6855345911949682;65.43486073674754
org/apache/poi/hssf/record/RecordProcessor;0;2;1;0.02515723270440251;0.9766397124887691;73;1.8364779874213832;71.29469901168015
org/apache/poi/hssf/record/SupBookRecord;0;1;1;0.02515723270440251;0.9766397124887691;68;1.7106918238993707;66.4115004492363
org/apache/poi/hssf/record/LeftMarginRecord;0;1;1;0.02515723270440251;0.9766397124887691;123;3.0943396226415087;120.1266846361186
org/apache/poi/hssf/record/WindowProtectRecord;0;1;1;0.02515723270440251;0.9766397124887691;67;1.6855345911949682;65.43486073674754
org/apache/poi/hssf/record/VerticalPageBreakRecord;1;2;2;0.02515723270440251;1.9721473495058401;68;1.7106918238993707;66.4115004492363
org/apache/poi/ddf/EscherSplitMenuColorsRecord;0;2;1;0.02515723270440251;0.9766397124887691;15;0.37735849056603765;14.649595687331537
org/apache/poi/hssf/record/formula/FuncVarPtg;1;2;2;0.02605570530098833;1.9559748427672956;18;0.4285714285714285;17.5822102425876
org/apache/poi/hssf/record/Record;0;2;1;0.02515723270440251;0.9766397124887691;83;2.0880503144654083;81.06109613656784
org/apache/poi/ddf/EscherShapePathProperty;0;2;1;0.02515723270440251;0.9766397124887691;15;0.37735849056603765;14.649595687331537
org/apache/poi/hpsf/Variant;1;2;2;0.07816711590296499;1.9739442946990118;178;7.486073674752923;176.07367475292003
org/apache/poi/hssf/record/BottomMarginRecord;0;3;2;0.02515723270440251;1.9721473495058401;457;6.767295597484275;449.87151841868825
org/apache/poi/hssf/record/WSBoolRecord;0;1;1;0.02515723270440251;0.9766397124887691;67;1.6855345911949682;65.43486073674754
org/apache/poi/hssf/record/WriteAccessRecord;0;1;1;0.02515723270440251;0.9766397124887691;67;1.6855345911949682;65.43486073674754
org/apache/poi/hpsf/SpecialPropertySet;0;1;1;0.02515723270440251;0.9766397124887691;70;1.7610062893081757;68.36477987421384
org/apache/poi/hssf/record/SeriesToChartGroupRecord;0;1;1;0.02515723270440251;0.9766397124887691;67;1.6855345911949682;65.43486073674754
org/apache/poi/hssf/record/SaveRecalcRecord;0;1;1;0.02515723270440251;0.9766397124887691;67;1.6855345911949682;65.43486073674754
org/apache/poi/hssf/record/PlotAreaRecord;0;1;1;0.02515723270440251;0.9766397124887691;67;1.6855345911949682;65.43486073674754
org/apache/poi/hssf/dev/BiffViewer;1;4;2;0.02515723270440251;1.9721473495058401;337;8.226415094339622;329.3162623539982
org/apache/poi/hssf/record/GroupMarkerSubRecord;0;2;1;0.02515723270440251;0.9766397124887691;67;1.6855345911949682;65.43486073674754
org/apache/poi/hssf/record/BookBoolRecord;0;1;1;0.02515723270440251;0.9766397124887691;67;1.6855345911949682;65.43486073674754
org/apache/poi/poifs/storage/BATBlock;0;1;1;0.02515723270440251;0.9766397124887691;67;1.6855345911949682;65.43486073674754
org/apache/poi/poifs/filesystem/EntryNode;0;1;1;0.02515723270440251;0.9766397124887691;69;1.7358490566037732;67.38814016172508
org/apache/poi/hssf/util/SheetReferences;0;1;1;0.02515723270440251;0.9766397124887691;66;1.6603773584905657;64.45822102425876
org/apache/poi/poifs/filesystem/DocumentDescriptor;0;1;1;0.02515723270440251;0.9766397124887691;66;1.6603773584905657;64.45822102425876
org/apache/poi/ddf/DefaultEscherRecordFactory;0;3;1;0.02515723270440251;0.9766397124887691;27;0.6792452830188678;26.369272237196768
org/apache/poi/hssf/record/TextObjectRecord;0;2;1;0.02515723270440251;0.9766397124887691;16;0.40251572327044016;15.626235399820306
org/apache/poi/hssf/record/ProtectRecord;1;2;2;0.02605570530098833;1.9559748427672956;77;1.6945193171608264;75.2282120395328
org/apache/poi/hssf/record/LinkedDataRecord;0;1;1;0.02515723270440251;0.9766397124887691;67;1.6855345911949682;65.43486073674754
org/apache/poi/poifs/storage/RawDataBlock;1;2;2;0.02605570530098833;1.9559748427672956;70;1.6882300089847257;68.37286612758312
org/apache/poi/hssf/record/DateWindow1904Record;0;1;1;0.02515723270440251;0.9766397124887691;67;1.6855345911949682;65.43486073674754
org/apache/poi/util/HexRead;2;3;1;0.02515723270440251;0.9766397124887691;304;7.647798742138363;296.89847259658586
org/apache/poi/hpsf/IllegalPropertySetDataException;0;1;1;0.02515723270440251;0.9766397124887691;70;1.7610062893081757;68.36477987421384
org/apache/poi/hssf/util/Region;0;1;1;0.02515723270440251;0.9766397124887691;68;1.7106918238993707;66.4115004492363
org/apache/poi/hssf/dev/HSSF;0;1;1;0.02515723270440251;0.9766397124887691;72;1.8113207547169807;70.31805929919138
org/apache/poi/hssf/record/DrawingSelectionRecord;0;2;1;0.02515723270440251;0.9766397124887691;16;0.40251572327044016;15.626235399820306
org/apache/poi/poifs/storage/BlockListImpl;0;1;1;0.02515723270440251;0.9766397124887691;67;1.6855345911949682;65.43486073674754
org/apache/poi/hssf/usermodel/HSSFSimpleShape;0;4;2;1.0242587601078168;1.9757412398921832;29;4.625336927223719;28.412398921832885
org/apache/poi/hssf/record/GutsRecord;0;1;1;0.02515723270440251;0.9766397124887691;67;1.6855345911949682;65.43486073674754
org/apache/poi/hssf/record/formula/ConcatPtg;0;2;2;0.02605570530098833;1.9559748427672956;77;1.8400718778077265;75.21203953279425
org/apache/poi/ddf/EscherSerializationListener;0;2;1;0.02515723270440251;0.9766397124887691;15;0.37735849056603765;14.649595687331537
org/apache/poi/hssf/record/RecalcIdRecord;0;1;1;0.02515723270440251;0.9766397124887691;68;1.7106918238993707;66.4115004492363
org/apache/poi/hssf/usermodel/HSSFDataFormat;0;1;1;0.02515723270440251;0.9766397124887691;67;1.6855345911949682;65.43486073674754
org/apache/poi/hssf/record/formula/AreaPtg;1;3;2;0.02605570530098833;1.9559748427672956;78;1.8409703504043122;76.19137466307278
org/apache/poi/hssf/record/formula/PowerPtg;0;2;2;0.02605570530098833;1.9559748427672956;78;1.8167115902964956;76.19407008086253
org/apache/poi/poifs/property/Child;0;1;1;0.02515723270440251;0.9766397124887691;67;1.6855345911949682;65.43486073674754
org/apache/poi/hssf/record/CommonObjectDataSubRecord;0;2;1;0.02515723270440251;0.9766397124887691;67;1.6855345911949682;65.43486073674754
org/apache/poi/hssf/util/CellReference;0;1;1;0.02515723270440251;0.9766397124887691;67;1.6855345911949682;65.43486073674754
org/apache/poi/hssf/model/SimpleFilledShape;0;2;1;0.02515723270440251;0.9766397124887691;16;0.40251572327044016;15.626235399820306
org/apache/poi/hssf/record/BoolErrRecord;1;2;2;0.02605570530098833;1.9559748427672956;77;1.6945193171608264;75.2282120395328
org/apache/poi/hssf/record/IndexRecord;0;1;1;0.02515723270440251;0.9766397124887691;67;1.6855345911949682;65.43486073674754
org/apache/poi/util/POILogFactory;0;1;1;0.02515723270440251;0.9766397124887691;72;1.8113207547169807;70.31805929919138
org/apache/poi/hssf/dev/FormulaViewer;0;2;2;0.02605570530098833;1.9559748427672956;75;1.7169811320754715;73.26684636118598
org/apache/poi/hssf/record/ProtectionRev4Record;1;2;2;0.02605570530098833;1.9559748427672956;81;1.6981132075471697;79.1455525606469
org/apache/poi/hssf/usermodel/HSSFPolygon;0;2;1;0.02515723270440251;0.9766397124887691;16;0.40251572327044016;15.626235399820306
org/apache/poi/hssf/record/SeriesIndexRecord;0;1;1;0.02515723270440251;0.9766397124887691;67;1.6855345911949682;65.43486073674754
org/apache/poi/hssf/usermodel/HSSFDateUtil;1;3;2;0.02605570530098833;1.9559748427672956;106;2.375561545372866;103.55615453728663
org/apache/poi/hssf/record/BlankRecord;0;1;1;0.02515723270440251;0.9766397124887691;67;1.6855345911949682;65.43486073674754
org/apache/poi/hssf/model/LineShape;0;2;1;0.02515723270440251;0.9766397124887691;17;0.4276729559748427;16.602875112309075
org/apache/poi/hssf/record/aggregates/ColumnInfoRecordsAggregate;0;2;1;0.02515723270440251;0.9766397124887691;0;0.0;0.0
org/apache/poi/hssf/record/LegendRecord;0;1;1;0.02515723270440251;0.9766397124887691;67;1.6855345911949682;65.43486073674754
org/apache/poi/hssf/record/formula/GreaterEqualPtg;1;4;2;0.02605570530098833;1.9559748427672956;91;2.095238095238095;88.89577717879605
org/apache/poi/hssf/record/PasswordRev4Record;0;1;1;0.02515723270440251;0.9766397124887691;67;1.6855345911949682;65.43486073674754
org/apache/poi/ddf/EscherSpgrRecord;0;2;1;0.02515723270440251;0.9766397124887691;15;0.37735849056603765;14.649595687331537
org/apache/poi/hssf/record/FooterRecord;0;1;1;0.02515723270440251;0.9766397124887691;67;1.6855345911949682;65.43486073674754
org/apache/poi/hssf/record/IterationRecord;0;1;1;0.02515723270440251;0.9766397124887691;67;1.6855345911949682;65.43486073674754
org/apache/poi/hssf/record/WindowTwoRecord;0;1;1;0.02515723270440251;0.9766397124887691;67;1.6855345911949682;65.43486073674754
org/apache/poi/hssf/record/MulBlankRecord;0;1;1;0.02515723270440251;0.9766397124887691;67;1.6855345911949682;65.43486073674754
org/apache/poi/ddf/EscherBlipWMFRecord;0;1;1;0.02515723270440251;0.9766397124887691;0;0.0;0.0
org/apache/poi/hssf/record/AxisRecord;0;1;1;0.02515723270440251;0.9766397124887691;67;1.6855345911949682;65.43486073674754
org/apache/poi/hssf/record/ExtendedFormatRecord;0;1;1;0.02515723270440251;0.9766397124887691;67;1.6855345911949682;65.43486073674754
org/apache/poi/hpsf/PropertySet;0;1;1;0.02515723270440251;0.9766397124887691;70;1.7610062893081757;68.36477987421384
org/apache/poi/hssf/model/Sheet;10;14;4;0.07637017070979335;3.9469901168014374;2562;62.21383647798741;2511.698113207547
org/apache/poi/hssf/record/ExternSheetSubRecord;0;1;1;0.02515723270440251;0.9766397124887691;67;1.6855345911949682;65.43486073674754
org/apache/poi/hssf/record/RefreshAllRecord;0;1;1;0.02515723270440251;0.9766397124887691;67;1.6855345911949682;65.43486073674754
org/apache/poi/hssf/record/RecordFactory;1;4;2;0.02515723270440251;1.9721473495058401;123;2.8930817610062887;120.27762803234502
org/apache/poi/ddf/EscherPropertyFactory;0;3;1;0.02515723270440251;0.9766397124887691;33;0.8301886792452828;32.22911051212938
org/apache/poi/hssf/record/DatRecord;0;1;1;0.02515723270440251;0.9766397124887691;67;1.6855345911949682;65.43486073674754
org/apache/poi/util/ArrayUtil;0;1;1;0.02515723270440251;0.9766397124887691;0;0.0;0.0
org/apache/poi/hssf/record/aggregates/ValueRecordsAggregate;0;1;1;0.02515723270440251;0.9766397124887691;67;1.6855345911949682;65.43486073674754
org/apache/poi/util/LongField;0;1;1;0.02515723270440251;0.9766397124887691;67;1.6855345911949682;65.43486073674754
org/apache/poi/hssf/usermodel/HSSFPatriarch;0;3;1;0.02515723270440251;0.9766397124887691;38;0.9559748427672954;37.112309074573226
org/apache/poi/poifs/property/DocumentProperty;0;1;1;0.02515723270440251;0.9766397124887691;67;1.6855345911949682;65.43486073674754
org/apache/poi/hssf/model/TextboxShape;0;2;1;0.02515723270440251;0.9766397124887691;17;0.4276729559748427;16.602875112309075
org/apache/poi/hssf/record/GridsetRecord;0;1;1;0.02515723270440251;0.9766397124887691;67;1.6855345911949682;65.43486073674754
org/apache/poi/hpsf/wellknown/PropertyIDMap;0;1;1;0.02515723270440251;0.9766397124887691;70;1.7610062893081757;68.36477987421384
org/apache/poi/hssf/record/SCLRecord;0;1;1;0.02515723270440251;0.9766397124887691;67;1.6855345911949682;65.43486073674754
org/apache/poi/hssf/record/DataFormatRecord;0;1;1;0.02515723270440251;0.9766397124887691;67;1.6855345911949682;65.43486073674754
org/apache/poi/ddf/EscherBitmapBlip;0;1;1;0.02515723270440251;0.9766397124887691;0;0.0;0.0
org/apache/poi/hssf/record/FontIndexRecord;0;1;1;0.02515723270440251;0.9766397124887691;67;1.6855345911949682;65.43486073674754
org/apache/poi/hssf/record/formula/SubtractPtg;0;2;2;0.02605570530098833;1.9559748427672956;76;1.814914645103324;74.23539982030547
org/apache/poi/hssf/record/formula/ParenthesisPtg;0;2;2;0.02605570530098833;1.9559748427672956;73;1.7151841868822997;71.30817610062893
org/apache/poi/hssf/record/DefaultDataLabelTextPropertiesRecord;0;1;1;0.02515723270440251;0.9766397124887691;67;1.6855345911949682;65.43486073674754
org/apache/poi/poifs/storage/BigBlock;0;1;1;0.02515723270440251;0.9766397124887691;67;1.6855345911949682;65.43486073674754
org/apache/poi/ddf/EscherSpRecord;0;2;1;0.02515723270440251;0.9766397124887691;15;0.37735849056603765;14.649595687331537
org/apache/poi/poifs/eventfilesystem/POIFSReaderListener;0;1;1;0.02515723270440251;0.9766397124887691;68;1.7106918238993707;66.4115004492363
org/apache/poi/hpsf/PropertySetFactory;0;1;1;0.02515723270440251;0.9766397124887691;70;1.7610062893081757;68.36477987421384
org/apache/poi/hssf/record/CountryRecord;0;1;1;0.02515723270440251;0.9766397124887691;67;1.6855345911949682;65.43486073674754
org/apache/poi/hssf/record/aggregates/RowRecordsAggregate;0;3;1;0.02515723270440251;0.9766397124887691;542;13.63522012578616;529.3387241689129
org/apache/poi/hssf/record/PageBreakRecord;1;2;2;0.02515723270440251;1.9721473495058401;68;1.7106918238993707;66.4115004492363
org/apache/poi/hssf/record/formula/BoolPtg;0;2;2;0.02605570530098833;1.9559748427672956;75;1.7897574123989215;73.25876010781673
org/apache/poi/hssf/dev/EFHSSF;1;2;2;0.07547169811320753;1.9721473495058401;72;1.9119496855345908;70.39353099730458
org/apache/poi/hssf/record/formula/Ref3DPtg;1;4;2;0.02605570530098833;1.9559748427672956;74;1.691823899371069;72.29020664869722
org/apache/poi/hssf/record/formula/AttrPtg;0;2;2;0.02605570530098833;1.9559748427672956;83;1.8454627133872414;81.08805031446542
org/apache/poi/ddf/EscherBSERecord;0;3;1;0.02515723270440251;0.9766397124887691;78;1.9622641509433958;76.17789757412399
org/apache/poi/hssf/record/TextRecord;0;1;1;0.02515723270440251;0.9766397124887691;67;1.6855345911949682;65.43486073674754
org/apache/poi/poifs/dev/POIFSViewer;0;1;1;0.02515723270440251;0.9766397124887691;68;1.7106918238993707;66.4115004492363
org/apache/poi/hssf/usermodel/HSSFTextbox;0;2;1;0.02515723270440251;0.9766397124887691;16;0.40251572327044016;15.626235399820306
org/apache/poi/ddf/EscherProperties;0;2;1;0.02515723270440251;0.9766397124887691;15;0.37735849056603765;14.649595687331537
org/apache/poi/hssf/record/BoundSheetRecord;0;2;2;0.02605570530098833;1.9559748427672956;80;1.7214734950584005;78.16352201257862
org/apache/poi/hssf/usermodel/HSSFWorkbook;2;10;3;0.07637017070979335;2.9514824797843664;631;15.935309973045822;616.5561545372866
org/apache/poi/hssf/record/DefaultColWidthRecord;0;1;1;0.02515723270440251;0.9766397124887691;67;1.6855345911949682;65.43486073674754
org/apache/poi/hssf/record/ExtSSTInfoSubRecord;1;4;2;0.13027852650494154;1.9721473495058401;73;1.9964061096136563;71.33243486073675
org/apache/poi/ddf/UnknownEscherRecord;0;2;1;0.02515723270440251;0.9766397124887691;66;1.6603773584905657;64.45822102425876
org/apache/poi/hssf/record/SSTRecordSizeCalculator;0;2;1;0.02515723270440251;0.9766397124887691;72;1.8113207547169807;70.31805929919138
org/apache/poi/ddf/NullEscherSerializationListener;0;2;1;0.02515723270440251;0.9766397124887691;16;0.40251572327044016;15.626235399820306
org/apache/poi/hssf/record/DrawingRecordForBiffViewer;0;2;1;0.02515723270440251;0.9766397124887691;16;0.40251572327044016;15.626235399820306
org/apache/poi/hssf/record/formula/Ptg;1;4;2;0.02605570530098833;1.9559748427672956;90;1.8274932614555255;87.94609164420486
org/apache/poi/hssf/util/HSSFColor;0;1;1;0.02515723270440251;0.9766397124887691;68;1.7106918238993707;66.4115004492363
org/apache/poi/ddf/EscherRecord;0;2;1;0.02515723270440251;0.9766397124887691;15;0.37735849056603765;14.649595687331537
org/apache/poi/ddf/EscherClientAnchorRecord;0;3;1;0.02515723270440251;0.9766397124887691;17;0.4276729559748427;16.602875112309075
org/apache/poi/hpsf/UnexpectedPropertySetTypeException;0;1;1;0.02515723270440251;0.9766397124887691;70;1.7610062893081757;68.36477987421384
org/apache/poi/poifs/storage/BlockWritable;0;1;1;0.02515723270440251;0.9766397124887691;67;1.6855345911949682;65.43486073674754
org/apache/poi/hssf/record/EOFRecord;0;1;1;0.02515723270440251;0.9766397124887691;67;1.6855345911949682;65.43486073674754
org/apache/poi/hssf/record/EndSubRecord;0;2;1;0.02515723270440251;0.9766397124887691;67;1.6855345911949682;65.43486073674754
org/apache/poi/util/LittleEndianConsts;0;1;1;0.02515723270440251;0.9766397124887691;67;1.6855345911949682;65.43486073674754
org/apache/poi/hssf/usermodel/HSSFClientAnchor;0;3;1;0.02515723270440251;0.9766397124887691;45;1.132075471698113;43.94878706199461
org/apache/poi/ddf/EscherClientDataRecord;0;3;1;0.02515723270440251;0.9766397124887691;17;0.4276729559748427;16.602875112309075
org/apache/poi/hssf/record/formula/MultiplyPtg;0;2;2;0.02605570530098833;1.9559748427672956;81;1.7951482479784364;79.13477088948788
org/apache/poi/hssf/record/SeriesTextRecord;0;1;1;0.02515723270440251;0.9766397124887691;67;1.6855345911949682;65.43486073674754
org/apache/poi/hssf/record/DSFRecord;0;1;1;0.02515723270440251;0.9766397124887691;67;1.6855345911949682;65.43486073674754
org/apache/poi/hssf/usermodel/HSSFAnchor;0;2;1;0.02515723270440251;0.9766397124887691;16;0.40251572327044016;15.626235399820306
org/apache/poi/hssf/record/FormatRecord;0;1;1;0.02515723270440251;0.9766397124887691;67;1.6855345911949682;65.43486073674754
org/apache/poi/hssf/record/VCenterRecord;0;1;1;0.02515723270440251;0.9766397124887691;67;1.6855345911949682;65.43486073674754
org/apache/poi/hssf/record/formula/MissingArgPtg;0;2;2;0.02605570530098833;1.9559748427672956;72;1.6657681940700806;70.33423180592992
org/apache/poi/hssf/record/SSTSerializer;1;4;2;0.13027852650494154;1.9721473495058401;138;6.190476190476188;135.4177897574124
org/apache/poi/hssf/model/ConvertAnchor;0;3;1;0.02515723270440251;0.9766397124887691;34;0.8553459119496853;33.20575022461815
org/apache/poi/poifs/property/PropertyTable;0;1;1;0.02515723270440251;0.9766397124887691;67;1.6855345911949682;65.43486073674754
org/apache/poi/poifs/storage/ListManagedBlock;0;1;1;0.02515723270440251;0.9766397124887691;67;1.6855345911949682;65.43486073674754
org/apache/poi/ddf/EscherContainerRecord;0;2;1;0.02515723270440251;0.9766397124887691;15;0.37735849056603765;14.649595687331537
org/apache/poi/util/CommonsLogger;0;1;1;0.02515723270440251;0.9766397124887691;69;1.7358490566037732;67.38814016172508
org/apache/poi/hssf/record/CellValueRecordInterface;0;1;1;0.02515723270440251;0.9766397124887691;67;1.6855345911949682;65.43486073674754
org/apache/poi/hssf/record/CustomField;0;1;1;0.02515723270440251;0.9766397124887691;16;0.40251572327044016;15.626235399820306
org/apache/poi/poifs/filesystem/DocumentOutputStream;0;1;1;0.02515723270440251;0.9766397124887691;67;1.6855345911949682;65.43486073674754
org/apache/poi/hssf/record/SeriesChartGroupIndexRecord;0;1;1;0.02515723270440251;0.9766397124887691;67;1.6855345911949682;65.43486073674754
org/apache/poi/util/BlockingInputStream;0;1;1;0.02515723270440251;0.9766397124887691;68;1.7106918238993707;66.4115004492363
org/apache/poi/ddf/EscherArrayProperty;0;2;1;0.02515723270440251;0.9766397124887691;15;0.37735849056603765;14.649595687331537
org/apache/poi/hssf/eventusermodel/HSSFListener;0;1;1;0.02515723270440251;0.9766397124887691;66;1.6603773584905657;64.45822102425876
org/apache/poi/hssf/record/BOFRecord;0;1;1;0.02515723270440251;0.9766397124887691;67;1.6855345911949682;65.43486073674754
org/apache/poi/hssf/record/SharedFormulaRecord;0;1;1;0.02515723270440251;0.9766397124887691;67;1.6855345911949682;65.43486073674754
org/apache/poi/hssf/record/SelectionRecord;0;1;1;0.02515723270440251;0.9766397124887691;67;1.6855345911949682;65.43486073674754
org/apache/poi/hssf/record/formula/NameXPtg;1;3;2;0.02605570530098833;1.9559748427672956;79;1.8176100628930816;77.17340521114106
org/apache/poi/poifs/property/Property;1;2;2;0.02605570530098833;1.9559748427672956;102;1.716981132075472;99.71159029649596
org/apache/poi/hssf/usermodel/FontDetails;0;2;1;0.02515723270440251;0.9766397124887691;16;0.40251572327044016;15.626235399820306
org/apache/poi/hssf/record/PaneRecord;0;1;1;0.02515723270440251;0.9766397124887691;67;1.6855345911949682;65.43486073674754
org/apache/poi/poifs/storage/BlockAllocationTableReader;0;1;1;0.02515723270440251;0.9766397124887691;67;1.6855345911949682;65.43486073674754
org/apache/poi/hssf/dev/EFBiffViewer;1;2;2;0.07547169811320753;1.9721473495058401;71;1.8867924528301883;69.41689128481582
org/apache/poi/poifs/eventfilesystem/POIFSReaderEvent;0;1;1;0.02515723270440251;0.9766397124887691;68;1.7106918238993707;66.4115004492363
org/apache/poi/poifs/storage/SmallBlockTableWriter;0;1;1;0.02515723270440251;0.9766397124887691;67;1.6855345911949682;65.43486073674754
org/apache/poi/hssf/record/formula/NamePtg;2;4;2;0.02605570530098833;1.9559748427672956;126;1.859838274932615;123.2021563342318
org/apache/poi/ddf/EscherComplexProperty;0;2;1;0.02515723270440251;0.9766397124887691;16;0.40251572327044016;15.626235399820306
org/apache/poi/hssf/record/NameRecord;2;4;2;0.02605570530098833;1.9559748427672956;146;1.829290206648698;142.79424977538184
org/apache/poi/ddf/EscherTextboxRecord;0;2;1;0.02515723270440251;0.9766397124887691;67;1.6855345911949682;65.43486073674754
org/apache/poi/hssf/record/formula/MemFuncPtg;0;2;2;0.02605570530098833;1.9559748427672956;71;1.6891284815813115;69.35220125786165
org/apache/poi/poifs/filesystem/POIFSWriterListener;0;1;1;0.02515723270440251;0.9766397124887691;67;1.6855345911949682;65.43486073674754
org/apache/poi/hssf/usermodel/HSSFPalette;1;3;2;0.02605570530098833;1.9559748427672956;126;3.1212938005390827;123.06199460916443
org/apache/poi/hssf/record/CodepageRecord;0;1;1;0.02515723270440251;0.9766397124887691;67;1.6855345911949682;65.43486073674754
org/apache/poi/hssf/record/ColumnInfoRecord;0;1;1;0.02515723270440251;0.9766397124887691;67;1.6855345911949682;65.43486073674754
org/apache/poi/hssf/record/DrawingGroupRecord;0;3;1;0.02515723270440251;0.9766397124887691;121;3.0440251572327037;118.17340521114106
org/apache/poi/hssf/record/ContinueRecord;1;2;2;0.02605570530098833;1.9559748427672956;77;1.6945193171608264;75.2282120395328
org/apache/poi/hssf/usermodel/HSSFRichTextString;0;2;1;0.02515723270440251;0.9766397124887691;16;0.40251572327044016;15.626235399820306
org/apache/poi/hssf/usermodel/HSSFChildAnchor;0;2;1;0.02515723270440251;0.9766397124887691;16;0.40251572327044016;15.626235399820306
org/apache/poi/ddf/EscherRGBProperty;0;3;1;0.02515723270440251;0.9766397124887691;18;0.4528301886792452;17.579514824797844
org/apache/poi/hssf/record/formula/UnknownPtg;0;2;2;0.02605570530098833;1.9559748427672956;75;1.7897574123989215;73.25876010781673
org/apache/poi/util/IntList;0;1;1;0.02515723270440251;0.9766397124887691;67;1.6855345911949682;65.43486073674754
org/apache/poi/util/IntegerField;0;1;1;0.02515723270440251;0.9766397124887691;67;1.6855345911949682;65.43486073674754
org/apache/poi/hssf/record/WindowOneRecord;0;1;1;0.02515723270440251;0.9766397124887691;67;1.6855345911949682;65.43486073674754
org/apache/poi/poifs/storage/HeaderBlockReader;1;2;2;0.02605570530098833;1.9559748427672956;70;1.6882300089847257;68.37286612758312
org/apache/poi/hssf/model/Model;0;1;1;0.02515723270440251;0.9766397124887691;17;0.4276729559748427;16.602875112309075
org/apache/poi/hpsf/ClassID;1;2;2;0.02605570530098833;1.9559748427672956;172;1.876909254267746;168.25426774483378
org/apache/poi/hssf/usermodel/EscherGraphics2d;0;3;1;0.02515723270440251;0.9766397124887691;31;0.7798742138364778;30.275831087151843
org/apache/poi/hssf/eventmodel/ModelFactory;0;1;1;0.02515723270440251;0.9766397124887691;67;1.6855345911949682;65.43486073674754
org/apache/poi/hssf/util/RKUtil;0;1;1;0.02515723270440251;0.9766397124887691;66;1.6603773584905657;64.45822102425876
org/apache/poi/hssf/record/MMSRecord;0;1;1;0.02515723270440251;0.9766397124887691;67;1.6855345911949682;65.43486073674754
org/apache/poi/hssf/record/RowRecord;0;1;1;0.02515723270440251;0.9766397124887691;67;1.6855345911949682;65.43486073674754
org/apache/poi/hssf/model/PictureShape;0;2;1;0.02515723270440251;0.9766397124887691;0;0.0;0.0
org/apache/poi/hssf/record/formula/AbstractFunctionPtg;1;3;2;0.02605570530098833;1.9559748427672956;83;1.6999101527403413;81.10422282120396
org/apache/poi/hssf/record/AxisLineFormatRecord;0;1;1;0.02515723270440251;0.9766397124887691;67;1.6855345911949682;65.43486073674754
org/apache/poi/poifs/filesystem/DirectoryNode;1;2;2;0.02605570530098833;1.9559748427672956;89;1.7295597484276728;86.97753818508536
org/apache/poi/hssf/usermodel/HSSFShape;0;2;1;0.02515723270440251;0.9766397124887691;16;0.40251572327044016;15.626235399820306
org/apache/poi/hssf/record/SSTRecord;2;5;2;0.13027852650494154;1.9721473495058401;148;4.68283917340521;144.76909254267744
org/apache/poi/hssf/record/StringRecord;1;3;3;0.13117699910152736;2.9514824797843664;75;2.2380952380952372;73.3477088948787
org/apache/poi/hssf/record/ChartRecord;0;1;1;0.02515723270440251;0.9766397124887691;67;1.6855345911949682;65.43486073674754
org/apache/poi/ddf/EscherDump;0;2;1;0.02515723270440251;0.9766397124887691;66;1.6603773584905657;64.45822102425876
org/apache/poi/hpsf/NoPropertySetStreamException;0;1;1;0.02515723270440251;0.9766397124887691;70;1.7610062893081757;68.36477987421384
org/apache/poi/poifs/storage/BlockAllocationTableWriter;0;1;1;0.02515723270440251;0.9766397124887691;67;1.6855345911949682;65.43486073674754
org/apache/poi/hpsf/DocumentSummaryInformation;0;1;1;0.02515723270440251;0.9766397124887691;70;1.7610062893081757;68.36477987421384
org/apache/poi/hssf/record/SSTRecordHeader;0;1;1;0.02515723270440251;0.9766397124887691;70;1.7610062893081757;68.36477987421384
org/apache/poi/hssf/record/MergeCellsRecord;1;4;2;0.02515723270440251;1.9721473495058401;111;1.6855345911949682;109.23719676549867
org/apache/poi/hssf/record/AbstractEscherHolderRecord;1;4;1;0.02515723270440251;0.9766397124887691;295;7.4213836477987405;288.1087151841869
org/apache/poi/ddf/EscherDggRecord;0;3;1;0.02515723270440251;0.9766397124887691;26;0.6540880503144653;25.392632524708
org/apache/poi/hssf/record/formula/NumberPtg;0;2;2;0.02605570530098833;1.9559748427672956;71;1.6648697214734947;69.35489667565139
org/apache/poi/poifs/property/DirectoryProperty;0;1;1;0.02515723270440251;0.9766397124887691;67;1.6855345911949682;65.43486073674754
org/apache/poi/poifs/storage/SmallDocumentBlockList;0;1;1;0.02515723270440251;0.9766397124887691;67;1.6855345911949682;65.43486073674754
org/apache/poi/hssf/usermodel/HSSFRow;0;3;1;0.02515723270440251;0.9766397124887691;249;6.264150943396225;243.18328840970352
org/apache/poi/hssf/record/InterfaceHdrRecord;0;1;1;0.02515723270440251;0.9766397124887691;67;1.6855345911949682;65.43486073674754
org/apache/poi/ddf/EscherSimpleProperty;0;3;1;0.02515723270440251;0.9766397124887691;16;0.40251572327044016;15.626235399820306
org/apache/poi/hssf/record/formula/GreaterThanPtg;0;2;2;0.02605570530098833;1.9559748427672956;73;1.690925426774483;71.3108715184187
org/apache/poi/hssf/eventusermodel/HSSFRequest;0;1;1;0.02515723270440251;0.9766397124887691;67;1.6855345911949682;65.43486073674754
org/apache/poi/hpsf/SummaryInformation;0;1;1;0.02515723270440251;0.9766397124887691;74;1.8616352201257858;72.27133872416891
org/apache/poi/hpsf/Section;0;1;1;0.02515723270440251;0.9766397124887691;70;1.7610062893081757;68.36477987421384
org/apache/poi/hssf/record/ObjectLinkRecord;0;1;1;0.02515723270440251;0.9766397124887691;67;1.6855345911949682;65.43486073674754
org/apache/poi/hpsf/TypeReader;1;2;2;0.07816711590296499;1.9739442946990118;152;5.8849955076370195;149.97843665768193
org/apache/poi/hssf/model/FormulaParser;2;4;2;0.02605570530098833;1.9559748427672956;291;2.3234501347708925;284.7574123989218
org/apache/poi/hssf/record/SheetPropertiesRecord;0;1;1;0.02515723270440251;0.9766397124887691;67;1.6855345911949682;65.43486073674754
org/apache/poi/hssf/record/CategorySeriesAxisRecord;0;1;1;0.02515723270440251;0.9766397124887691;67;1.6855345911949682;65.43486073674754
org/apache/poi/hssf/record/LineFormatRecord;0;1;1;0.02515723270440251;0.9766397124887691;67;1.6855345911949682;65.43486073674754
org/apache/poi/poifs/property/Parent;0;1;1;0.02515723270440251;0.9766397124887691;67;1.6855345911949682;65.43486073674754
org/apache/poi/hssf/record/formula/UnaryMinusPtg;0;3;2;0.02605570530098833;1.9559748427672956;72;1.714285714285714;70.3288409703504
org/apache/poi/ddf/EscherPropertyMetaData;0;2;1;0.02515723270440251;0.9766397124887691;15;0.37735849056603765;14.649595687331537
org/apache/poi/hssf/usermodel/HSSFCell;0;3;2;0.02605570530098833;1.9559748427672956;78;1.7439353099730455;76.20215633423182
org/apache/poi/hssf/record/BackupRecord;0;1;1;0.02515723270440251;0.9766397124887691;67;1.6855345911949682;65.43486073674754
org/apache/poi/hssf/record/EndRecord;0;1;1;0.02515723270440251;0.9766397124887691;67;1.6855345911949682;65.43486073674754
org/apache/poi/hssf/record/formula/LessEqualPtg;1;4;2;0.02605570530098833;1.9559748427672956;175;4.208445642407906;170.93351302785265
org/apache/poi/util/BitField;0;1;1;0.02515723270440251;0.9766397124887691;67;1.6855345911949682;65.43486073674754
org/apache/poi/hpsf/MarkUnsupportedException;0;1;1;0.02515723270440251;0.9766397124887691;70;1.7610062893081757;68.36477987421384
org/apache/poi/hssf/record/EscherAggregate;0;3;1;0.02515723270440251;0.9766397124887691;34;0.8553459119496853;33.20575022461815
org/apache/poi/hpsf/HPSFException;0;1;1;0.02515723270440251;0.9766397124887691;70;1.7610062893081757;68.36477987421384
org/apache/poi/hssf/record/formula/DividePtg;0;2;2;0.02605570530098833;1.9559748427672956;79;1.8418688230008982;77.1707097933513
org/apache/poi/util/HexDump;2;4;1;0.02515723270440251;0.9766397124887691;168;4.226415094339622;164.07547169811323
org/apache/poi/hssf/record/TopMarginRecord;0;1;1;0.02515723270440251;0.9766397124887691;117;2.9433962264150937;114.26684636118598
org/apache/poi/hssf/record/PrintGridlinesRecord;0;1;1;0.02515723270440251;0.9766397124887691;67;1.6855345911949682;65.43486073674754
org/apache/poi/hssf/record/DBCellRecord;0;1;1;0.02515723270440251;0.9766397124887691;67;1.6855345911949682;65.43486073674754
org/apache/poi/hssf/record/PrecisionRecord;0;1;1;0.02515723270440251;0.9766397124887691;67;1.6855345911949682;65.43486073674754
org/apache/poi/poifs/filesystem/BATManaged;0;1;1;0.02515723270440251;0.9766397124887691;68;1.7106918238993707;66.4115004492363
org/apache/poi/hssf/model/DrawingManager;0;3;1;0.02515723270440251;0.9766397124887691;16;0.40251572327044016;15.626235399820306
org/apache/poi/hssf/record/Margin;0;1;1;0.02515723270440251;0.9766397124887691;38;0.9559748427672954;37.112309074573226
org/apache/poi/ddf/EscherBlipRecord;0;4;2;1.0242587601078168;1.9757412398921832;735;371.05840071877805;725.9613656783469
org/apache/poi/util/NullLogger;0;1;1;0.02515723270440251;0.9766397124887691;69;1.7358490566037732;67.38814016172508
org/apache/poi/hssf/usermodel/HSSFFont;1;3;2;0.02605570530098833;1.9559748427672956;83;2.0395327942497747;81.06648697214735
org/apache/poi/hssf/usermodel/HSSFFooter;0;1;1;0.02515723270440251;0.9766397124887691;68;1.7106918238993707;66.4115004492363
org/apache/poi/hpsf/HPSFRuntimeException;0;1;1;0.02515723270440251;0.9766397124887691;70;1.7610062893081757;68.36477987421384
org/apache/poi/poifs/dev/POIFSViewable;0;1;1;0.02515723270440251;0.9766397124887691;68;1.7106918238993707;66.4115004492363
org/apache/poi/hssf/record/BarRecord;0;1;1;0.02515723270440251;0.9766397124887691;67;1.6855345911949682;65.43486073674754
org/apache/poi/hssf/record/formula/ReferencePtg;1;3;2;0.02605570530098833;1.9559748427672956;77;1.8158131176999097;75.214734950584
org/apache/poi/hssf/record/LabelRecord;0;2;2;0.13027852650494154;1.9721473495058401;101;5.259658580413295;99.28212039532795
org/apache/poi/util/BinaryTree;0;1;1;0.02515723270440251;0.9766397124887691;67;1.6855345911949682;65.43486073674754
org/apache/poi/hssf/record/TickRecord;0;1;1;0.02515723270440251;0.9766397124887691;67;1.6855345911949682;65.43486073674754
org/apache/poi/util/StringUtil;0;2;2;0.02605570530098833;1.9559748427672956;434;2.088050314465414;424.84276729559747
org/apache/poi/hssf/record/SubRecord;0;2;1;0.02515723270440251;0.9766397124887691;68;1.7106918238993707;66.4115004492363
org/apache/poi/util/ShortList;0;1;1;0.02515723270440251;0.9766397124887691;67;1.6855345911949682;65.43486073674754
